Country,AvgHealthcareAccess,AvgHospitalBeds
Australia,74.880671,5.228248
Canada,74.899341,5.230515
Turkey,74.908387,5.243976
Saudi Arabia,74.933178,5.237754
Mexico,74.938198,5.24138
UK,74.966663,5.235328
France,74.977308,5.238784
